<?xml version="1.0" encoding="utf-8"?>
<documentation id="PHP_GridNumericPager" lastupdate="08/20/2009">	
	<title>GridNumericPager Class [PHP]</title>
	<metakeywords>php grid, php ajax grid, php datagrid, php gridview, ajax grid php</metakeywords>	 
	<metadescription>Documentation of server-side(PHP) GridNumericPager class.</metadescription>
	<description>
		<![CDATA[ 
<a href='../GridPager/index.php'>GridPager</a>
<br />
&nbsp;|__ GridNumericPager
		]]>		
	</description>

	<properties>
		<property name="Range">
			<type>int</type>
			<shortdesc>
				<![CDATA[
					Get or set the number of page selection showing at a time.
				]]>
			</shortdesc>
			<longdesc>
				<![CDATA[
					Get or set the number of page selection showing at a time.
				]]>
			</longdesc>
			<samplecode>
<![CDATA[
<?php				
	$grid->MasterTable->Pager = new GridNumericPager();
	$grid->MasterTable->Pager->PageIndex = 5;
?> 
]]>
			</samplecode>
			<supportversion>1.0.0.0</supportversion>
		</property>
				
	</properties>
	<copyright>KoolPHP Inc</copyright>
</documentation>