<?xml version="1.0" encoding="utf-8"?>
<changelog id="changelog" metadescription="KoolImageView provides perfect solution for image detail view in your online store or images collection. KoolImageView is equipped with many nice templates and effects. And it is Totally FREE!" metakeywords = "php image view, php image zoom, zoom image script">	

	<log date="Apr 16, 2012" version="1.4.0.0">
		<![CDATA[ 
		- Fix client-side conflict with MooTools framework.
		]]>		
	</log>


	<log date="Dec 04, 2011" version="1.3.0.7">
		<![CDATA[ 
	    - Enhance the zooming effect.
	    ]]>		
	</log>

	<log date="December 17, 2009" version="1.3.0.1">
		<![CDATA[ 
	    - Enhance the rendering effect.
		]]>		
	</log>

	<log date="March 08, 2009" version="1.2.0.4">
		<![CDATA[ 
	    - Registering CSS is improved.
		- Fix issue of zIndex
		]]>		
	</log>
	<log date="February 09, 2009" version="1.2.0.0">
		<![CDATA[ 
		- Enhance styleFolder property.
		- New property: openTime
		- New property: frameNumber
		- New property: relativeLeft
		- New property: relativeTop
		]]>		
	</log>
	<log date="January 26, 2009" version="1.0.0.0">
		<![CDATA[ 
	    - First version of KoolImageView has been released
		]]>		
	</log>	
</changelog>