<?xml version="1.0" encoding="utf-8"?>
<documentation id="PHP_GridExpandDetailColumn" lastupdate="08/20/2009">	
	<title>GridExpandDetailColumn Class [PHP]</title>
	<metakeywords>php grid, php ajax grid, php datagrid, php gridview, ajax grid php</metakeywords>	 
	<metadescription>Documentation of server-side(PHP) GridExpandDetailColumn class.</metadescription>
	<description>
		<![CDATA[ 
<a href='../GridColumn/index.php'>GridColumn</a>
<br />
&nbsp;|__ GridExpandDetailColumn
		]]>		
	</description>

	<properties>
	</properties>
	<methods>
		<method name="Render">
			<type>string</type>		
			<parameters>
				<param type="GridRow" optional="false">$row</param>
			</parameters>				
			<shortdesc>
			   <![CDATA[
					Render data cell.
			   ]]>
			</shortdesc>
			<longdesc>
			   <![CDATA[
					Render data cell.
			   ]]>
			</longdesc>
			<supportversion>1.0.0.0 </supportversion>
		</method>		
	</methods>		
	<copyright>KoolPHP Inc</copyright>
</documentation>