<?xml version="1.0" encoding="utf-8"?>
<documentation id="PHP_KoolTextBox" lastupdate="01/01/2009">	
	<title>KoolTextBox Class [PHP]</title>
	<metakeywords>PHP FORM, PHP FORM generation, PHP FORM decoration,javascript php form validation,php form validation library,simple php form validation,php form validation class, php ajax form validation, PHP INPUT VALIDATION, PHP FORM VALIDATION, PHP VALIDATOR, skin radio buttons, style radio buttons css, skin checkbox buttons, style select,skin select, style dropdown, skin dropdown</metakeywords>	 
	<metadescription>KoolForm is a great form manager which can help you to unload tasks when deal with form. First, it helps you to style/skin your form so that your form appears consistent in all browsers. KoolForm also provides advanced controls such as textbox, button, dropdown, validator so that you can save huge amount of time for your important matters. KoolForm can be integrated seamlessly into your page without any changes to your existing page's layout.</metadescription>
	<description>
		<![CDATA[ 

		]]>		
	</description>

	<properties>
		<property name="id">
			<type>string</type>
			<shortdesc>
			   <![CDATA[
		Get the id of KoolTextBox.
			   ]]>
			</shortdesc>
			<longdesc>
			   <![CDATA[
		Get the id of KoolTextBox.
			   ]]>
			</longdesc>
			<samplecode>
			   <![CDATA[
<?php		
	$txtName = $myform->AddControl(new KoolTextBox("txtName");
	$txtName->MaxLength = 10;
	$txtName->Mode = "SingleLine";//"MultileLine";
?>

<div>
	<?php echo $txtName->Render();?>
</div>
			   ]]>
			</samplecode>
			<supportversion>1.0.0.0 </supportversion>
		</property> 



		<property name="Value">
			<type>string</type>
			<shortdesc>
			   <![CDATA[
		Get or set the value of textbox.
			   ]]>
			</shortdesc>
			<longdesc>
			   <![CDATA[
		Get or set the value of textbox. You can use the this parameter to get input from user or to set value for textbox.
			   ]]>
			</longdesc>
			<samplecode>
			   <![CDATA[
<?php		
	$txtName = $myform->AddControl(new KoolTextBox("txtName");

	$txtName->Value = "John Smith";
	..
	
	if($myform_manager->IsPostBack)
	{
		echo $txtName->Value;
	}
?>
			   ]]>
			</samplecode>
			<supportversion>1.0.0.0 </supportversion>
		</property> 

		<property name="EmptyMessage">
			<type>string</type>
			<shortdesc>
			   <![CDATA[
		Set the empty message that will be displayed when no value is entered.
			   ]]>
			</shortdesc>
			<longdesc>
			   <![CDATA[
		Set the empty message that will be displayed when no value is entered. You can show message to guide user what to put into the textbox.
			   ]]>
			</longdesc>
			<samplecode>
			   <![CDATA[
<?php		
	$txtName = $myform->AddControl(new KoolTextBox("txtName");
	$txtName->EmptyMessage = "Please enter your nane..";
?>
			   ]]>
			</samplecode>
			<supportversion>1.0.0.0 </supportversion>
		</property> 

		<property name="AutoComplete">
			<type>bool</type>
			<defaultvalue>false</defaultvalue>
			<shortdesc>
			   <![CDATA[
		Set or get whether the autocomplete feature of browser is enabled.
			   ]]>
			</shortdesc>
			<longdesc>
			   <![CDATA[
		Set or get whether the autocomplete feature of browser is enabled.
			   ]]>
			</longdesc>
			<samplecode>
			   <![CDATA[
<?php		
	$txtName = $myform->AddControl(new KoolTextBox("txtName");
	$txtName->AutoComplete = true;
?>
			   ]]>
			</samplecode>
			<supportversion>1.0.0.0 </supportversion>
		</property>
		 


		<property name="Mode">
			<type>string</type>
			<defaultvalue>"SingleLine"</defaultvalue>
			<shortdesc>
			   <![CDATA[
		Set the mode of text box.
			   ]]>
			</shortdesc>
			<longdesc>
			   <![CDATA[
		Set the mode of text box whether "MutltiLine" or "SingleLine". The default is SingleLine.
			   ]]>
			</longdesc>
			<samplecode>
			   <![CDATA[
<?php		
	$txtName = $myform->AddControl(new KoolTextBox("txtName");
	$txtName->MaxLength = 10;
	$txtName->Mode = "SingleLine";//"MultileLine";
?>

<div>
	<?php echo $txtName->Render();?>
</div>
			   ]]>
			</samplecode>
			<supportversion>1.0.0.0 </supportversion>
		</property> 
		
		<property name="MaxLength">
			<type>string</type>
			<shortdesc>
			   <![CDATA[
		You can set the maximum length that textbox accepted.
			   ]]>
			</shortdesc>
			<longdesc>
			   <![CDATA[
		You can set the maximum length that textbox accepted.
			   ]]>
			</longdesc>
			<samplecode>
			   <![CDATA[
<?php		
	$txtName = $myform->AddControl(new KoolTextBox("txtName");
	$txtName->MaxLength = 10;
	$txtName->Mode = "SingleLine";//"MultileLine";
?>

<div>
	<?php echo $txtName->Render();?>
</div>
			   ]]>
			</samplecode>
			<supportversion>1.0.0.0 </supportversion>
		</property> 
		





	</properties>
	
	<methods>

		<method name="Render">
			<type>void</type>			
			<shortdesc>
			   <![CDATA[
		Render the textbox
			   ]]>
			</shortdesc>
			<longdesc>
			   <![CDATA[
		Render the textbox
			   ]]>
			</longdesc>
			<samplecode>
			   <![CDATA[
<?php		
	$txtName = $myform->AddControl(new KoolTextBox("txtName");
	$txtName->MaxLength = 10;
	$txtName->Mode = "SingleLine";//"MultileLine";
?>

<div>
	<?php echo $txtName->Render();?>
</div>
			   ]]>
			</samplecode>
			<supportversion>1.0.0.0 </supportversion>
		</method> 

	</methods>	
	<copyright>KoolPHP Inc</copyright>
</documentation>