<?xml version="1.0" encoding="utf-8"?>
<documentation id="Javascript_KoolNumericTextBox" lastupdate="01/01/2009">	
	<title>KoolNumericTextBox Class [PHP]</title>
	<metakeywords>PHP FORM, PHP FORM generation, PHP FORM decoration,javascript php form validation,php form validation library,simple php form validation,php form validation class, php ajax form validation, PHP INPUT VALIDATION, PHP FORM VALIDATION, PHP VALIDATOR, skin radio buttons, style radio buttons css, skin checkbox buttons, style select,skin select, style dropdown, skin dropdown</metakeywords>	 
	<metadescription>KoolForm is a great form manager which can help you to unload tasks when deal with form. First, it helps you to style/skin your form so that your form appears consistent in all browsers. KoolForm also provides advanced controls such as textbox, button, dropdown, validator so that you can save huge amount of time for your important matters. KoolForm can be integrated seamlessly into your page without any changes to your existing page's layout.</metadescription>
	<description>
		<![CDATA[ 

		]]>		
	</description>

	<properties>
		<property name="id">
			<type>string</type>
			<shortdesc>
			   <![CDATA[
		Get the id of KoolNumericTextBox.
			   ]]>
			</shortdesc>
			<longdesc>
			   <![CDATA[
		Get the id of KoolNumericTextBox.
			   ]]>
			</longdesc>
			<samplecode>
			   <![CDATA[
<script type="text/javascript">
    function foo()
    {
		var txtAge = myform_manager.get_control("txtAge");
		alert(txtAge.id);// outout "txtAge"
    }
</script>
			   ]]>
			</samplecode>
			<supportversion>1.0.0.0 </supportversion>
		</property> 



	</properties>
	
	<methods>


		<method name="set_value">
			<type>void</type>
			<parameters>
			   <param type="float" optional="false">_value</param>
			</parameters>
			<shortdesc>
			   <![CDATA[
		Set the value for textbox.
			   ]]>
			</shortdesc>
			<longdesc>
			   <![CDATA[
		Set the value for textbox.
			   ]]>
			</longdesc>
			<samplecode>
			   <![CDATA[
<script type="text/javascript">
    function foo()
    {
		var txtAge = myform_manager.get_control("txtAge");
		txtAge.set_value(10);
    }
</script>
			   ]]>
			</samplecode>
			<supportversion>1.0.0.0</supportversion>
		</method>

		<method name="get_value">
			<type>float</type>
			<shortdesc>
			   <![CDATA[
		Get the input text of textbox.
			   ]]>
			</shortdesc>
			<longdesc>
			   <![CDATA[
		Get the input text of textbox.
			   ]]>
			</longdesc>
			<samplecode>
			   <![CDATA[
<script type="text/javascript">
    function foo()
    {
		var txtAge = myform_manager.get_control("txtAge");
		alert(txtAge.get_value());
    }
</script>
			   ]]>
			</samplecode>
			<supportversion>1.0.0.0 </supportversion>
		</method>



	</methods>	
	<copyright>KoolPHP Inc</copyright>
</documentation>