<?xml version="1.0" encoding="utf-8"?>
<documentation id="php_slidemenuchild" lastupdate="01/01/2009">	
	<title>SlideMenuChild Class [PHP]</title>
	<metadescription>KoolSlideMenu is very Easy-to-Use PHP Slide Menu. Based on Semantic rendering, Advanced CSS together with natural Sliding effect, KoolSlideMenu is Super Fast in rendering, Highly Appearance-Customizable and Elegant Behaviors,  all making it stand out to be Excellent Choice for your Site Navigation</metadescription>
	<metakeywords>php menu, php slidemenu,php slide menu, ajax menu, php ajax menu,sliding menu, vertical menu </metakeywords>	 
	<description>
		<![CDATA[ 
			
		]]>		
	</description>

	<properties>
		 <property name="id">
			<type>string</type>
			<shortdesc>
			   <![CDATA[
		Get or set id of slidemenu child
			   ]]>
			</shortdesc>
			<longdesc>
			   <![CDATA[
		Get or set id of slidemenu child
			   ]]>
			</longdesc>
			<samplecode>
			   <![CDATA[
<?php
	$child = new SlideMenuChild("child"); 
	$child->id="thechild";//Change id from "child" to "thechild" 
?>
			   ]]>
			</samplecode>
			<supportversion>1.0.0.0 </supportversion>
		</property>
		 <property name="text">
			<type>string</type>
			<shortdesc>
			   <![CDATA[
		Get or set text of slidemenu child
			   ]]>
			</shortdesc>
			<longdesc>
			   <![CDATA[
		Get or set text of slidemenu child
			   ]]>
			</longdesc>
			<samplecode>
			   <![CDATA[
<?php
	$child = new SlideMenuChild("child"); 
	$child->text = "This is child";//Set the text content 
?>
			   ]]>
			</samplecode>
			<supportversion>1.0.0.0 </supportversion>
		</property>
		 <property name="link">
			<type>string</type>
			<shortdesc>
			   <![CDATA[
		Get or set link of slidemenu child.
			   ]]>
			</shortdesc>
			<longdesc>
			   <![CDATA[
		Get or set link of slidemenu child.
			   ]]>
			</longdesc>
			<samplecode>
			   <![CDATA[
<?php
	$child = new SlideMenuChild("child"); 
	$child->link = "childpage.php";//The browser will go to "childpage.php" when the child is clicked 
?>
			   ]]>
			</samplecode>
			<supportversion>1.0.0.0 </supportversion>
		</property>
		 <property name="target">
			<type>string</type>
			<shortdesc>
			   <![CDATA[
		Get or set target of slidemenu child link.
			   ]]>
			</shortdesc>
			<longdesc>
			   <![CDATA[
		Get or set target of slidemenu child link.
			   ]]>
			</longdesc>
			<samplecode>
			   <![CDATA[
<?php
	$child = new SlideMenuChild("child");
	$child->link = "childpage.php";
	$child->target = "_blank";
	//The browser will go to "childpage.php" on blank page when the child is clicked
?>
			   ]]>
			</samplecode>
			<supportversion>1.4.0.0 </supportversion>
		</property>		
		 <property name="parent">
			<type>SlideMenuParent </type>
			<shortdesc>
			   <![CDATA[
		Get the direct parent object
			   ]]>
			</shortdesc>
			<longdesc>
			   <![CDATA[
		Get the direct parent object
			   ]]>
			</longdesc>
			<samplecode>
			   <![CDATA[

			   ]]>
			</samplecode>
			<supportversion>1.0.0.0 </supportversion>
		</property>
	</properties>
	
	<copyright>KoolPHP Inc</copyright>
</documentation>