<?xml version="1.0" encoding="utf-8"?>
<documentation id="PHP_GridCalculatedColumn" lastupdate="08/20/2009">	
	<title>GridCalculatedColumn Class [PHP]</title>
	<metakeywords>php grid, php ajax grid, php datagrid, php gridview, ajax grid php</metakeywords>	 
	<metadescription>Documentation of server-side(PHP) GridCalculatedColumn class.</metadescription>
	<description>
		<![CDATA[ 
<a href='../GridColumn/index.php'>GridColumn</a>
<br />
&nbsp;|__ <a href='../GridBoundColumn/index.php'>GridBoundColumn</a>
<br />
&nbsp;&nbsp;&nbsp;&nbsp;&nbsp;&nbsp;&nbsp;&nbsp;|__ GridCalculatedColumn
		]]>		
	</description>

	<properties>
		
		
		<property name="Expression">
			<type>string</type>
			<shortdesc>
				<![CDATA[
					Get or set the expression of calculation.
				]]>
			</shortdesc>
			<longdesc>
				<![CDATA[
					Get or set the expression of calculation.
				]]>
			</longdesc>
			<samplecode>
<![CDATA[
<?php				
	$col = new GridCalculatedColumn();
	$col->HeaderText = "Total";
	$col->Expression = "{quantityOrdered}*{priceEach}";
	$grid->MasterTable->AddColumn($col);
?> 
]]>
			</samplecode>
			<supportversion>1.4.0.0</supportversion>
		</property>
			
	</properties>
	<copyright>KoolPHP Inc</copyright>
</documentation>