<?xml version="1.0" encoding="utf-8"?>
<documentation id="PHP_KoolDatePicker_Class" lastupdate="01/01/2009">	
	<title>KoolDatePicker Class [PHP]</title>
	<metakeywords>php calendar,php ajax calendar,php date picker,php date time picker</metakeywords>	 
	<metadescription>KoolCalendar is excellent PHP Calendar control that is features-rich, easy to integrate to web sites and simple to customize. Combining DatePicker and TimePicker, KoolCalendar offers special features like Ajax Capability, Multi-view, Quick month selection, etc. Last but not least, its revolutionary rendering using CSS sprites skyrockets its loading time.</metadescription>
	<description>
		<![CDATA[ 

		]]>		
	</description>

	<properties>
		<property name="id">
			<type>string</type>
			<shortdesc>
			   <![CDATA[
		Get or set id of KoolDatePicker
			   ]]>
			</shortdesc>
			<longdesc>
			   <![CDATA[
		Get or set the id for KoolDatePicker. This id will be use as variable name of KoolDatePicker at client-side.
			   ]]>
			</longdesc>
			<samplecode>
			   <![CDATA[
<?php		
	$datepicker->id="cal";//We usuall use the same id name with server-side for better reference. 
?>
			   ]]>
			</samplecode>
			<supportversion>1.0.0.0 </supportversion>
		</property> 

		<property name="styleFolder">
			<type>string</type>
			<shortdesc>
			   <![CDATA[
		Get or set folder which contain css style for KoolDatePicker
			   ]]>
			</shortdesc>
			<longdesc>
			   <![CDATA[
		Get or set folder which contain css style for KoolDatePicker
			   ]]>
			</longdesc>
			<samplecode>
			   <![CDATA[
<?php 
	$datepicker->styleFolder="KoolControls/KoolCalendar/styles/default";//Use the "default" style 
?>
			   ]]>
			</samplecode>
			<supportversion>1.0.0.0 </supportversion>
		</property>
		
		<property name="scriptFolder">
			<type>string</type>
			<shortdesc>
				<![CDATA[
					Get or set the path to folder which contains KoolCalendar script.
				]]>
			</shortdesc>
			<longdesc>
				<![CDATA[
					Get or set the path to folder which contains KoolCalendar script.
				]]>
			</longdesc>
			<samplecode>
<![CDATA[
<?php				
	$datepicker = new KoolDatePicker("datepicker");
	$datepicker->scriptFolder = "KoolControls/KoolCalendar";
?> 
]]>
			</samplecode>
			<supportversion>1.0.0.0</supportversion>
		</property>		
		
				

		
		<property name="Value">
			<type>string</type>
			<shortdesc>
			   <![CDATA[
		Get or set the value of KoolDatePicker.
			   ]]>
			</shortdesc>
			<longdesc>
			   <![CDATA[
		Get or set the value of KoolDatePicker.
			   ]]>
			</longdesc>
			<samplecode>
			   <![CDATA[
<?php
...
	//Echo the date entered by user.
	echo($datepicker->Value);

	//Set the date.
	$datepicker->Value = "15/12/2009 00:00:00";
...
?>
			   ]]>
			</samplecode>
			<supportversion>1.0.0.0 </supportversion>
		</property>

		<property name="DateFormat">
			<type>string</type>
			<defaultvalue> "m/d/Y"</defaultvalue>
			<shortdesc>
			   <![CDATA[
		Get or set the date format.
			   ]]>
			</shortdesc>
			<longdesc>
			   <![CDATA[
		Get or set the date format.
			   ]]>
			</longdesc>
			<samplecode>
			   <![CDATA[
<?php
...
	$datepicker->DateFormat="m d Y";
...
?>
			   ]]>
			</samplecode>
			<supportversion>1.0.0.0 </supportversion>
		</property>


		<property name="OffsetLeft">
			<type>int</type>
			<shortdesc>
			   <![CDATA[
					Get or set offset left of panel containing calendar and timeview.
			   ]]>
			</shortdesc>
			<longdesc>
			   <![CDATA[
					Get or set offset left of panel containing calendar and timeview.
			   ]]>
			</longdesc>
			<samplecode>
			   <![CDATA[
<?php
...
	$datepicker->OffsetLeft=10;
...
?>
			   ]]>
			</samplecode>
			<supportversion>1.0.0.0 </supportversion>
		</property>


		<property name="OffsetTop">
			<type>int</type>
			<shortdesc>
			   <![CDATA[
					Get or set offset top of panel containing calendar and timeview.
			   ]]>
			</shortdesc>
			<longdesc>
			   <![CDATA[
					Get or set offset top of panel containing calendar and timeview.
			   ]]>
			</longdesc>
			<samplecode>
			   <![CDATA[
<?php
...
	$datepicker->OffsetTop=10;
...
?>
			   ]]>
			</samplecode>
			<supportversion>1.0.0.0 </supportversion>
		</property>


		<property name="CssStyles">
			<type>array</type>
			<shortdesc>
			   <![CDATA[
					Get or set the css styles for input textbox of KoolDatePicker.
			   ]]>
			</shortdesc>
			<longdesc>
			   <![CDATA[
					Get or set the css styles for input textbox of KoolDatePicker.
			   ]]>
			</longdesc>
			<samplecode>
			   <![CDATA[
<?php
...
	$datepicker->CssStyles["font-size"]="12px";
...
?>
			   ]]>
			</samplecode>
			<supportversion>1.0.0.0 </supportversion>
		</property>




		<property name="CalendarSettings">
			<type>&lt;a href='../CalendarSettings/index.php'>CalendarSettings&lt;/a></type>
			<shortdesc>
			   <![CDATA[
					Get or set the settings of calendar.
			   ]]>
			</shortdesc>
			<longdesc>
			   <![CDATA[
					Get or set the settings of calendar.
			   ]]>
			</longdesc>
			<samplecode>
			   <![CDATA[
<?php
...
	$datepicker->CalendarSettings->Orientation="Vertical";
...
?>
			   ]]>
			</samplecode>
			<supportversion>1.0.0.0 </supportversion>
		</property>


		
		<property name="Width">
			<type>string</type>
			<defaultvalue>"160px"</defaultvalue>
			<shortdesc>
			   <![CDATA[
					Get or set the width of KoolDatePicker.
			   ]]>
			</shortdesc>
			<longdesc>
			   <![CDATA[
					Get or set the width of KoolDatePicker.
			   ]]>
			</longdesc>
			<samplecode>
			   <![CDATA[
<?php
...
	$datepicker->Width="300px";
...
?>
			   ]]>
			</samplecode>
			<supportversion>1.0.0.0 </supportversion>
		</property>
		
		
		<property name="ClientEvents">
			<type>array</type>
			<shortdesc>
			   <![CDATA[
					Get or set the client-side event handle.
			   ]]>
			</shortdesc>
			<longdesc>
			   <![CDATA[
					Get or set the client-side event handle.
			   ]]>
			</longdesc>
			<samplecode>
			   <![CDATA[
<?php
...
	$datepicker->ClientEvents["OnSelect"]="Handle_OnSelect";
...
?>

<script type="text/javascript">
function Handle_OnSelect(sender,arg)
{
	alert(datetimepicker.get_value());
}
</script>

			   ]]>
			</samplecode>
			<supportversion>1.0.0.0 </supportversion>
		</property>


	</properties>
	
	<methods>
		<method name="Init">
			<type>void</type>
			<shortdesc>
			   <![CDATA[
		Initiate datetime picker.
			   ]]>
			</shortdesc>
			<longdesc>
			   <![CDATA[
		Initiate datetime picker. This function should be called before datetime picker's Render() function.
			   ]]>
			</longdesc>
			<samplecode>
			   <![CDATA[
<?php
	$datepicker = new KoolDatePicker("cal");
	...
	$datepicker->Init();
	...
	echo $datepicker->Render(); 
?>
			   ]]>
			</samplecode>
			<supportversion>1.0.0.0 </supportversion>
		</method> 


		<method name="Render">
			<type>void</type>			
			<shortdesc>
			   <![CDATA[
		Render the KoolDatePicker
			   ]]>
			</shortdesc>
			<longdesc>
			   <![CDATA[
		Render the KoolDatePicker
			   ]]>
			</longdesc>
			<samplecode>
			   <![CDATA[
<body>
	<?php echo 	$datepicker->Render(); ?>
</body>
			   ]]>
			</samplecode>
			<supportversion>1.0.0.0 </supportversion>
		</method> 
		<method name="RegisterScript">
			<type>string</type>
			<shortdesc>
			   <![CDATA[
		Return html to register js library for KoolDatePicker.
			   ]]>
			</shortdesc>
			<longdesc>
			   <![CDATA[
		Return html to register js library for KoolDatePicker.
			   ]]>
			</longdesc>
			<samplecode>
			   <![CDATA[
<head>
    <?php echo $datepicker->RegisterScript(); ?>
</head>
			   ]]>
			</samplecode>
			<supportversion>1.0.0.0 </supportversion>
		</method> 
		<method name="RegisterCSS">
			<type>string</type>
			<shortdesc>
			   <![CDATA[
		Return html to register CSS for KoolDatePicker
			   ]]>
			</shortdesc>
			<longdesc>
			   <![CDATA[
		Return html to register CSS for KoolDatePicker
			   ]]>
			</longdesc>
			<samplecode>
			   <![CDATA[
<head>
    <?php echo  $datepicker->RegisterCSS();?>
</head>
			   ]]>
			</samplecode>
			<supportversion>1.0.0.0 </supportversion>
		</method> 
		 <method name="RenderCalendar">
			<type>string</type>
			<shortdesc>
			   <![CDATA[
		Return html content of KoolDatePicker body
			   ]]>
			</shortdesc>
			<longdesc>
			   <![CDATA[
		Return html content of KoolDatePicker body
			   ]]>
			</longdesc>
			<samplecode>
			   <![CDATA[
<body>
    <?php echo $datepicker->RenderDateTimePicker();?>
</body>
			   ]]>
			</samplecode>
			<supportversion>1.0.0.0 </supportversion>
		</method> 
		 <method name="StartupScript">
			<type>string</type>			
			<shortdesc>
			   <![CDATA[
		Return js code to inititate KoolDatePicker.
			   ]]>
			</shortdesc>
			<longdesc>
			   <![CDATA[
		Return js code to inititate KoolDatePicker.
			   ]]>
			</longdesc>
			<samplecode>
			   <![CDATA[
<script type="text/javascript">
    <?php echo $datepicker->StartupScript();?>
</script>
			   ]]>
			</samplecode>
			<supportversion>1.0.0.0 </supportversion>
		</method> 
	</methods>	
	<copyright>KoolPHP Inc</copyright>
</documentation>