<?xml version="1.0" encoding="utf-8"?>
<documentation id="PHP_EditSettings" lastupdate="08/20/2009">	
	<title>EditSettings Class [PHP]</title>
	<metakeywords>php grid, php ajax grid, php datagrid, php gridview, ajax grid php</metakeywords>	 
	<metadescription>Documentation of server-side(PHP) EditSettings class.</metadescription>
	<description>
		<![CDATA[ 

		]]>		
	</description>

	<properties>
		
		<property name="Mode">
			<type>string</type>
			<shortdesc>
				<![CDATA[
					Get or set which mode of edit form to render.
				]]>
			</shortdesc>
			<longdesc>
				<![CDATA[
					Get or set which mode of edit form to render. The mode is whether default "Inline", "Form" or custom "Template"
					
				]]>
			</longdesc>
			<defaultvalue>"Form"</defaultvalue>
			<allowedvalues>
			   <value desc="Use built-in inline">"Inline"</value>
			   <value desc="Use built-in form">"Form"</value>
			   <value desc="Use custom form template">"Template"</value>
			</allowedvalues>			
			<samplecode>
<![CDATA[
<?php				
	$grid->MasterTable->EditSettings->Mode = "Form";
?> 
]]>
			</samplecode>
			<supportversion>1.0.0.0</supportversion>
		</property>		




		<property name="InputFocus">
			<type>string</type>
			<shortdesc>
				<![CDATA[
					Get or set the behavior of grid when it is inside edit mode.
				]]>
			</shortdesc>
			<longdesc>
				<![CDATA[
					Get or set the behavior of grid when it is inside edit mode.
					
				]]>
			</longdesc>
			<defaultvalue>"None"</defaultvalue>
			<allowedvalues>
			   <value desc="The grid is hidden when user perform editing">"HideGrid"</value>
			   <value desc="The grid is blurred when user perform editting">"BlurGrid"</value>
			</allowedvalues>			
			<samplecode>
<![CDATA[
<?php				
	$grid->MasterTable->EditSettings->Mode = "Form";
	$grid->MasterTable->EditSettings->InputFocus = "HideGrid";
?> 
]]>
			</samplecode>
			<supportversion>3.5.0.0</supportversion>
		</property>




		<property name="HeaderCaption">
			<type>string</type>
			<shortdesc>
				<![CDATA[
					Get or set header of edit form.
				]]>
			</shortdesc>
			<longdesc>
				<![CDATA[
					Get or set header of edit form.
				]]>
			</longdesc>
			<samplecode>
<![CDATA[
<?php				
	$grid->MasterTable->EditSettings->HeaderCaption = "Insert New Row";
?> 
]]>
			</samplecode>
			<supportversion>1.0.0.0</supportversion>
		</property>


		<property name="ColumnNumber">
			<type>int</type>
			<shortdesc>
				<![CDATA[
					Get or set the column number in edit form.
				]]>
			</shortdesc>
			<longdesc>
				<![CDATA[
					Get or set the column number in edit form.
				]]>
			</longdesc>
			<samplecode>
<![CDATA[
<?php				
	$grid->MasterTable->EditSettings->ColumnNumber = 3;
?> 
]]>
			</samplecode>
			<supportversion>1.0.0.0</supportversion>
		</property>


		<property name="CancelButtonText">
			<type>string</type>
			<shortdesc>
				<![CDATA[
					Get or set the text of cancel button
				]]>
			</shortdesc>
			<longdesc>
				<![CDATA[
					Get or set the text of cancel button
				]]>
			</longdesc>
			<samplecode>
<![CDATA[
<?php				
	$grid->MasterTable->EditSettings->CancelButtonText = "Cancel Insert";
?> 
]]>
			</samplecode>
			<supportversion>1.0.0.0</supportversion>
		</property>


		<property name="ConfirmButtonText">
			<type>string</type>
			<shortdesc>
				<![CDATA[
					Get or set the text of confirm button
				]]>
			</shortdesc>
			<longdesc>
				<![CDATA[
					Get or set the text of confirm button
				]]>
			</longdesc>
			<samplecode>
<![CDATA[
<?php				
	$grid->MasterTable->EditSettings->ConfirmButtonText = "Update";
?> 
]]>
			</samplecode>
			<supportversion>1.0.0.0</supportversion>
		</property>


		<property name="CancelButtonToolTip">
			<type>string</type>
			<shortdesc>
				<![CDATA[
					Get or set the tooltip of cancel button
				]]>
			</shortdesc>
			<longdesc>
				<![CDATA[
					Get or set the tooltip of cancel button
				]]>
			</longdesc>
			<samplecode>
<![CDATA[
<?php				
	$grid->MasterTable->EditSettings->CancelButtonToolTip = "Cancel Insert";
?> 
]]>
			</samplecode>
			<supportversion>1.0.0.0</supportversion>
		</property>


		<property name="ConfirmButtonToolTip">
			<type>string</type>
			<shortdesc>
				<![CDATA[
					Get or set the tooltip of confirm button
				]]>
			</shortdesc>
			<longdesc>
				<![CDATA[
					Get or set the tooltip of confirm button
				]]>
			</longdesc>
			<samplecode>
<![CDATA[
<?php				
	$grid->MasterTable->EditSettings->ConfirmButtonToolTip = "Confirm Insert";
?> 
]]>
			</samplecode>
			<supportversion>1.0.0.0</supportversion>
		</property>


		<property name="Template">
			<type>&lt;a href='../GridTemplate/index.php'>GridTemplate&lt;/a></type>
			<shortdesc>
				<![CDATA[
					Set the object of GridTemplate's implementation class.
				]]>
			</shortdesc>
			<longdesc>
				<![CDATA[
					Set the object of GridTemplate's implementation class.
				]]>
			</longdesc>
			<samplecode>
<![CDATA[
<?php				
	//Create editing template.
	...
	class MyEditTemplate implements GridTemplate
	{
		function Render($_row)
		{
			$html  = "<input id='city_input'  name='city_input' type='text' />"; User input
			$html .= "<input type='button' value='Confirm' onclick='grid_confirm_edit(this)'/>"; //Render confirm button.
			$html .= "<input type='button' value='Cancel' onclick='grid_cancel_edit(this)'/>"; //Render cancel button.
			return $html;
		}
		function GetData($_row)
		{
			return array("city"=>$_POST["city_input"]);
		}		
	}
	...
	$grid->MasterTable->EditSettings->Mode = "Template";
	$grid->MasterTable->EditSettings->Template = new MyEditTemplate();
	...
?> 
]]>
			</samplecode>
			<supportversion>1.0.0.0</supportversion>
		</property>



	</properties>
	<copyright>KoolPHP Inc</copyright>
</documentation>