<?xml version="1.0" encoding="utf-8"?>
<documentation id="Javascript_KoolDropDownList" lastupdate="01/01/2009">	
	<title>KoolDropDownList Class [PHP]</title>
	<metakeywords>PHP FORM, PHP FORM generation, PHP FORM decoration,javascript php form validation,php form validation library,simple php form validation,php form validation class, php ajax form validation, PHP INPUT VALIDATION, PHP FORM VALIDATION, PHP VALIDATOR, skin radio buttons, style radio buttons css, skin checkbox buttons, style select,skin select, style dropdown, skin dropdown</metakeywords>	 
	<metadescription>KoolForm is a great form manager which can help you to unload tasks when deal with form. First, it helps you to style/skin your form so that your form appears consistent in all browsers. KoolForm also provides advanced controls such as textbox, button, dropdown, validator so that you can save huge amount of time for your important matters. KoolForm can be integrated seamlessly into your page without any changes to your existing page's layout.</metadescription>
	<description>
		<![CDATA[ 

		]]>		
	</description>

	<properties>
		<property name="id">
			<type>string</type>
			<shortdesc>
			   <![CDATA[
		Get the id of KoolDropDownList.
			   ]]>
			</shortdesc>
			<longdesc>
			   <![CDATA[
		Get the id of KoolDropDownList.
			   ]]>
			</longdesc>
			<samplecode>
			   <![CDATA[
<script type="text/javascript">
    function foo()
    {
		var ddPaymentOptions = myform_manager.get_control("ddPaymentOptions");
		alert(ddPaymentOptions.id);
    }
</script>
			   ]]>
			</samplecode>
			<supportversion>1.0.0.0 </supportversion>
		</property> 



	</properties>
	
	<methods>

		
		

		<method name="set_selected_index">
			<type>void</type>
			<parameters>
			   <param type="int" optional="false">_index</param>
			</parameters>
			<shortdesc>
			   <![CDATA[
		Set selected index for drop down list .
			   ]]>
			</shortdesc>
			<longdesc>
			   <![CDATA[
		Set selected index for drop down list .
			   ]]>
			</longdesc>
			<samplecode>
			   <![CDATA[
<script type="text/javascript">
    function foo()
    {
		var ddPaymentOptions = myform_manager.get_control("ddPaymentOptions");
		ddPaymentOptions.set_selected_index(2);// Select the third option.
    }
</script>
			   ]]>
			</samplecode>
			<supportversion>1.0.0.0</supportversion>
		</method>

		<method name="set_selected_value">
			<type>void</type>
			<parameters>
			   <param type="string" optional="false">text</param>
			</parameters>
			<shortdesc>
			   <![CDATA[
		Set selected value for drop down list .
			   ]]>
			</shortdesc>
			<longdesc>
			   <![CDATA[
		Set selected value for drop down list .
			   ]]>
			</longdesc>
			<samplecode>
			   <![CDATA[
<script type="text/javascript">
    function foo()
    {
		var ddPaymentOptions = myform_manager.get_control("ddPaymentOptions");
		ddPaymentOptions.set_selected_value("money_oder");//Select money_order.
    }
</script>
			   ]]>
			</samplecode>
			<supportversion>1.0.0.0</supportversion>
		</method>
		
		<method name="set_selected_text">
			<type>void</type>
			<parameters>
			   <param type="string" optional="false">text</param>
			</parameters>
			<shortdesc>
			   <![CDATA[
		Set selected text for drop down list.
			   ]]>
			</shortdesc>
			<longdesc>
			   <![CDATA[
		Set selected text for drop down list.
			   ]]>
			</longdesc>
			<samplecode>
			   <![CDATA[
<script type="text/javascript">
    function foo()
    {
		var ddPaymentOptions = myform_manager.get_control("ddPaymentOptions");
		ddPaymentOptions.set_selected_text("Money Order");//Select "Money Order" option.
    }
</script>
			   ]]>
			</samplecode>
			<supportversion>1.0.0.0</supportversion>
		</method>		

		<method name="get_selected_text">
			<type>string</type>
			<shortdesc>
			   <![CDATA[
		Get the selected text.
			   ]]>
			</shortdesc>
			<longdesc>
			   <![CDATA[
		Get the selected text.
			   ]]>
			</longdesc>
			<samplecode>
			   <![CDATA[
<script type="text/javascript">
    function foo()
    {
		var ddPaymentOptions = myform_manager.get_control("ddPaymentOptions");
		alert(ddPaymentOptions.get_selected_text());
    }
</script>
			   ]]>
			</samplecode>
			<supportversion>1.0.0.0 </supportversion>
		</method>

		<method name="get_selected_value">
			<type>string</type>
			<shortdesc>
			   <![CDATA[
		Get the selected value.
			   ]]>
			</shortdesc>
			<longdesc>
			   <![CDATA[
		Get the selected value.
			   ]]>
			</longdesc>
			<samplecode>
			   <![CDATA[
<script type="text/javascript">
    function foo()
    {
		var ddPaymentOptions = myform_manager.get_control("ddPaymentOptions");
		alert(ddPaymentOptions.get_selected_value());
    }
</script>
			   ]]>
			</samplecode>
			<supportversion>1.0.0.0 </supportversion>
		</method>
		
		<method name="get_selected_index">
			<type>string</type>
			<shortdesc>
			   <![CDATA[
		Get the selected index.
			   ]]>
			</shortdesc>
			<longdesc>
			   <![CDATA[
		Get the selected index.
			   ]]>
			</longdesc>
			<samplecode>
			   <![CDATA[
<script type="text/javascript">
    function foo()
    {
		var ddPaymentOptions = myform_manager.get_control("ddPaymentOptions");
		alert(ddPaymentOptions.get_selected_index());
    }
</script>
			   ]]>
			</samplecode>
			<supportversion>1.0.0.0 </supportversion>
		</method>		

	</methods>	
	<copyright>KoolPHP Inc</copyright>
</documentation>