<?xml version="1.0" encoding="utf-8"?>
<documentation id="javascript_koolautocompleteitem_class" lastupdate="01/01/2009">	
	<title>KoolAutoCompleteItem Class [Javascript]</title>
	<metakeywords>php ajax autocomplete, php autocomplete, php ajax autosuggest, php autosuggest</metakeywords>	 
	<metadescription>KoolAutoComplete is excellent PHP Ajax AutoComplete. Flexible rendering, elegant behavior together with Ajax Load On-Demand have made KoolAutoComplete the great choice to replace limited auto-complete provided by browsers.</metadescription>
	<description>
		<![CDATA[ 
			
		]]>		
	</description>

	<properties>
		perties>
		 <property name="id">
			<type>string</type>
			<shortdesc>
			   <![CDATA[
		Get the id of item 
			   ]]>
			</shortdesc>
			<longdesc>
			   <![CDATA[
		Get the id of item 
			   ]]>
			</longdesc>
			<samplecode>
			   <![CDATA[
<script type="text/javascript">
    function foo()
    {
        //Alert the id of new added item.
        var oItem = kac.addItem("I am new item","new item");
        alert(oItem.id);
    }
</script>
			   ]]>
			</samplecode>
			<supportversion>1.0.0.1 </supportversion>
		</property>
	</properties>
	
	<methods>
		<method name="getData">
			<type>array</type>
			<shortdesc>
			   <![CDATA[
		Get data of the item
			   ]]>
			</shortdesc>
			<longdesc>
			   <![CDATA[
		Get data of the item
			   ]]>
			</longdesc>
			<samplecode>
			   <![CDATA[
<script type="text/javascript">
    function foo()
    {
        //Get the text data of first item in combobox
        var oItem = kac.getItem(kac.getItemIds()[0]);        
        alert(oItem.getData()["text"]);
    }
</script>
			   ]]>
			</samplecode>
			<supportversion>1.0.0.0 </supportversion>
		</method> 
		<method name="enable">
			<type>void</type>
			<shortdesc>
			   <![CDATA[
		Set whether the item is enabled
			   ]]>
			</shortdesc>
			<longdesc>
			   <![CDATA[
		Set whether the item is enabled
			   ]]>
			</longdesc>
			<samplecode>
			   <![CDATA[
<script type="text/javascript">
    function foo()
    {
        var oItem = kac.getItem(kac.getItemIds()[0]);        
        //Disable the item
        oItem.enable(false);
    }
</script>
			   ]]>
			</samplecode>
			<supportversion>1.0.0.0 </supportversion>
		</method> 
		<method name="isEnabled">
			<type>bool</type>
			<shortdesc>
			   <![CDATA[
		Return true if the item is enabled
			   ]]>
			</shortdesc>
			<longdesc>
			   <![CDATA[
		Return true if the item is enabled
			   ]]>
			</longdesc>
			<samplecode>
			   <![CDATA[
<script type="text/javascript">
    function foo()
    {
        var oItem = kac.getItem(kac.getItemIds()[0]);        
        //Check if the item is disabled
        if(!oItem.isEnabled())
        {
            alert("This item is disabled");
        }		
		
    }
</script>
			   ]]>
			</samplecode>
			<supportversion>1.0.0.0 </supportversion>
		</method> 
		<method name="setVisible">
			<type>void </type>
			<shortdesc>
			   <![CDATA[
		Set the visibility of an item
			   ]]>
			</shortdesc>
			<longdesc>
			   <![CDATA[
		Set the visibility of an item
			   ]]>
			</longdesc>
			<samplecode>
			   <![CDATA[
<script type="text/javascript">
    function foo()
    {
        //Get the text data of first item in combobox
        //Make the item invisible
        oItem.setVisible(false);
    }
</script>
			   ]]>
			</samplecode>
			<supportversion>1.0.0.0 </supportversion>
		</method> 
		 <method name="select">
			<type>void</type>
			<shortdesc>
			   <![CDATA[
		Make the item selected
			   ]]>
			</shortdesc>
			<longdesc>
			   <![CDATA[
		Make the item selected
			   ]]>
			</longdesc>
			<samplecode>
			   <![CDATA[
<script type="text/javascript">
    function foo()
    {
        //Select the first item of combobox
        var oItem = kac.getItem(kac.getItemIds()[0]);        
        oItem.select();
    }
</script>
			   ]]>
			</samplecode>
			<supportversion>1.0.0.0 </supportversion>
		</method> 
	</methods>	
	<copyright>KoolPHP Inc</copyright>
</documentation>