<navigation id="KoolSocialShare">
	<category id="root">
		<link id="overview" text="Overview" link="index.php" />
		<link id="changelog" text="Changelog" link="Changelog/index.php" />		
		<category id="PHP" text="PHP">
			<link 	id="PHP_KoolSocialShare" 
					text="KoolSocialShare"
					link="PHP/KoolSocialShare/index.php"/>
		
			<link 	id="PHP_SocialButton" 
					text="SocialButton"
					link="PHP/SocialButton/index.php"/>

				<category id="PHP_Facebook" text="Facebook">
					<link 	id="PHP_FacebookButton" 
							text="FacebookButton"
							link="PHP/FacebookButton/index.php"/>
					<link 	id="PHP_FacebookLike" 
							text="FacebookLike"
							link="PHP/FacebookLike/index.php"/>
					<link 	id="PHP_FacebookLikeWithSend" 
							text="FacebookLikeWithSend"
							link="PHP/FacebookLikeWithSend/index.php"/>
					<link 	id="PHP_FacebookLikeWithSendAndPeople" 
							text="FacebookLikeWithSendAndPeople"
							link="PHP/FacebookLikeWithSendAndPeople/index.php"/>
					<link 	id="PHP_FacebookLikeWithCount" 
							text="FacebookLikeWithCount"
							link="PHP/FacebookLikeWithCount/index.php"/>
					<link 	id="PHP_FacebookLikeWithCountAndSend" 
							text="FacebookLikeWithCountAndSend"
							link="PHP/FacebookLikeWithCountAndSend/index.php"/>
					<link 	id="PHP_FacebookVertical" 
							text="FacebookVertical"
							link="PHP/FacebookVertical/index.php"/>
					
				</category>
				<category id="PHP_Twitter" text="Twitter">
					<link 	id="PHP_TwitterButton" 
							text="TwitterButton"
							link="PHP/TwitterButton/index.php"/>
					<link 	id="PHP_TwitterWithCount" 
							text="TwitterWithCount"
							link="PHP/TwitterWithCount/index.php"/>
					<link 	id="PHP_TwitterFollow" 
							text="TwitterFollow"
							link="PHP/TwitterFollow/index.php"/>
					
				</category>
				<category id="PHP_LinkedIn" text="LinkedIn">
					<link 	id="PHP_LinkedInButton" 
							text="LinkedInButton"
							link="PHP/LinkedInButton/index.php"/>
					<link 	id="PHP_LinkedInWithCount" 
							text="LinkedInWithCount"
							link="PHP/LinkedInWithCount/index.php"/>
					<link 	id="PHP_LinkedInVertical" 
							text="LinkedInVertical"
							link="PHP/LinkedInVertical/index.php"/>
					
				</category>
				<category id="PHP_GooglePlus" text="GooglePlus">
					<link 	id="PHP_GooglePlusButton" 
							text="GooglePlusButton"
							link="PHP/GooglePlusButton/index.php"/>
					<link 	id="PHP_GooglePlusWithCount" 
							text="GooglePlusWithCount"
							link="PHP/GooglePlusWithCount/index.php"/>
					<link 	id="PHP_GooglePlusWithCountAndPeople" 
							text="GooglePlusWithCountAndPeople"
							link="PHP/GooglePlusWithCountAndPeople/index.php"/>
					<link 	id="PHP_GooglePlusVertical" 
							text="GooglePlusVertical"
							link="PHP/GooglePlusVertical/index.php"/>
					
				</category>
			<link 	id="PHP_SocialLineBreak" 
					text="SocialLineBreak"
					link="PHP/SocialLineBreak/index.php"/>
				
		</category>
		
	</category>
</navigation>
