<?xml version="1.0" encoding="utf-8"?>
<documentation id="php_slidemenuparent" lastupdate="01/01/2009">	
	<title>SlideMenuParent Class [PHP]</title>
	<metadescription>KoolSlideMenu is very Easy-to-Use PHP Slide Menu. Based on Semantic rendering, Advanced CSS together with natural Sliding effect, KoolSlideMenu is Super Fast in rendering, Highly Appearance-Customizable and Elegant Behaviors,  all making it stand out to be Excellent Choice for your Site Navigation</metadescription>
	<metakeywords>php menu, php slidemenu,php slide menu, ajax menu, php ajax menu,sliding menu, vertical menu </metakeywords>	 
	<description>
		<![CDATA[ 
			
		]]>		
	</description>

	<properties>
		 <property name="id">
			<type>string</type>
			<shortdesc>
			   <![CDATA[
		Get or set id of slidemenu parent
			   ]]>
			</shortdesc>
			<longdesc>
			   <![CDATA[
		Get or set id of slidemenu parent
			   ]]>
			</longdesc>
			<samplecode>
			   <![CDATA[
<?php
	$parent = new SlideMenuParent("parent"); 
	$parent->id="theparent";//Change id from "parent" to "theparent" 
?>
			   ]]>
			</samplecode>
			<supportversion>1.0.0.0 </supportversion>
		</property>
		 <property name="text">
			<type>string</type>
			<shortdesc>
			   <![CDATA[
		Get or set text of slidemenu parent
			   ]]>
			</shortdesc>
			<longdesc>
			   <![CDATA[
		Get or set text of slidemenu parent
			   ]]>
			</longdesc>
			<samplecode>
			   <![CDATA[
<?php
	$parent = new SlideMenuParent("parent");
	$parent->text = "This is parent";//Set the text content
?>
			   ]]>
			</samplecode>
			<supportversion>1.0.0.0 </supportversion>
		</property>
		 <property name="link">
			<type>string</type>
			<shortdesc>
			   <![CDATA[
		Get or set link of slidemenu parent.
			   ]]>
			</shortdesc>
			<longdesc>
			   <![CDATA[
		Get or set link of slidemenu parent.
			   ]]>
			</longdesc>
			<samplecode>
			   <![CDATA[
<?php
	$parent = new SlideMenuParent("parent");
	$parent->link = "parentpage.php";
	//The browser will go to "parentpage.php" when the parent is clicked
?>
			   ]]>
			</samplecode>
			<supportversion>1.0.0.0</supportversion>
		</property>
		 <property name="target">
			<type>string</type>
			<shortdesc>
			   <![CDATA[
		Get or set target of slidemenu parent link.
			   ]]>
			</shortdesc>
			<longdesc>
			   <![CDATA[
		Get or set target of slidemenu parent link.
			   ]]>
			</longdesc>
			<samplecode>
			   <![CDATA[
<?php
	$parent = new SlideMenuParent("parent");
	$parent->link = "parentpage.php";
	$parent->target = "_blank";
	//The browser will go to "parentpage.php" on blank page when the parent is clicked
?>
			   ]]>
			</samplecode>
			<supportversion>1.4.0.0 </supportversion>
		</property>
		
		 <property name="expand">
			<type>bool</type>
			<shortdesc>
			   <![CDATA[
		Get or set whether slidemenu parent expand initially
			   ]]>
			</shortdesc>
			<longdesc>
			   <![CDATA[
		Get or set whether slidemenu parent expand initially
			   ]]>
			</longdesc>
			<samplecode>
			   <![CDATA[
<?php
	$parent = new SlideMenuParent("parent"); 
	$parent->expand = false;//Make the parent expand
?>
			   ]]>
			</samplecode>
			<supportversion>1.0.0.0 </supportversion>
		</property>
		 <property name="parent">
			<type>SlideMenuParent</type>
			<shortdesc>
			   <![CDATA[
		Get the direct parent object
			   ]]>
			</shortdesc>
			<longdesc>
			   <![CDATA[
		Get the direct parent object
			   ]]>
			</longdesc>
			<samplecode>
			   <![CDATA[

			   ]]>
			</samplecode>
			<supportversion>1.0.0.0 </supportversion>
		</property>


	</properties>
	
	<methods>
		<method name="addChild">
			<type>void</type>
			<parameters>
			   <param type="object" optional="false">$child</param>
			</parameters>
			<shortdesc>
			   <![CDATA[
		Add child/panel/subparent object as a child to the parent
			   ]]>
			</shortdesc>
			<longdesc>
			   <![CDATA[
		Add child/panel/subparent object as a child to the parent
			   ]]>
			</longdesc>
			<samplecode>
			   <![CDATA[
<?php
	$parent = new SlideMenuParent("parent");
	$parent->addChild(new SlideMenuParent("subparent"));
	//Add a sub parent
	$parent->addChild(new SlideMenuChild("child"));
	//Add a slidemenu child
	$parent->addChild(new SlideMenuPanel("panel"));
	//Add a slidemenu panel 
?>
			   ]]>
			</samplecode>
			<supportversion>1.0.0.0 </supportversion>
		</method> 
	</methods>	
	<copyright>KoolPHP Inc</copyright>
</documentation>