<?xml version="1.0" encoding="utf-8"?>
<documentation id="PHP_RequiredFieldValidator" lastupdate="08/20/2009">	
	<title>RequiredFieldValidator Class [PHP]</title>
	<metakeywords>php grid, php ajax grid, php datagrid, php gridview, ajax grid php</metakeywords>	 
	<metadescription>Documentation of server-side(PHP) RequiredFieldValidator class.</metadescription>
	<description>
		<![CDATA[ 
<a href='../GridValidator/index.php'>GridValidator</a>
<br />
&nbsp;|__ RequiredFieldValidator
		]]>		
	</description>

	<properties>	
		<property name="ErrorMessage">
			<type>string</type>
			<shortdesc>
				<![CDATA[
					Get or set the message shown when user input is not valid.
				]]>
			</shortdesc>
			<longdesc>
				<![CDATA[
					Get or set the message shown when user input is not valid.
				]]>
			</longdesc>
			<samplecode>
<![CDATA[
<?php				
	$col = new GridBoundColumn();
	$validator = new RequiredFieldValidator();
	$validator->ErrorMessage = "Can not be empty";
	$col->AddValidator($validator);
	$grid->MasterTable->AddColumn($col);
?> 
]]>
			</samplecode>
			<supportversion>1.3.0.0</supportversion>
		</property>					
			
	</properties>
	<methods>
	</methods>	
	<copyright>KoolPHP Inc</copyright>
</documentation>