<?xml version="1.0" encoding="utf-8"?>
<documentation id="PHP_GridTemplate" lastupdate="08/20/2009">	
	<title>GridTemplate Interface [PHP]</title>
	<metakeywords>php grid, php ajax grid, php datagrid, php gridview, ajax grid php</metakeywords>	 
	<metadescription>Documentation of server-side(PHP) GridTemplate Interface.</metadescription>
	<description>
		<![CDATA[ 

		]]>		
	</description>

	<methods>
		<method name="Render">
			<type>function</type>
			<parameters>
				<param type="GridRow" optional="false">$row</param>
			</parameters>
			<shortdesc>
				<![CDATA[
					Rendering template html.
				]]>
			</shortdesc>
			<longdesc>
				<![CDATA[
					Rendering template html.
				]]>
			</longdesc>
			<samplecode>
<![CDATA[
<?php				
	...
	class MyEditTemplate implements GridTemplate
	{
		function Render($_row)
		{
			$html  = "<input id='city_input'  name='city_input' type='text' />"; Input for user
			$html .= "<input type='button' value='Confirm' onclick='grid_confirm_edit(this)'/>"; //Render confirm button.
			$html .= "<input type='button' value='Cancel' onclick='grid_cancel_edit(this)'/>"; //Render cancel button.
			return $html;
		}
		function GetData($_row)
		{
			return array("city"=>$_POST["city_input"]);
		}		
	}
	...
	$grid->MasterTable->EditSettings->Mode = "Template";
	$grid->MasterTable->EditSettings->Template = new MyEditTemplate();
	...
?> 
]]>
			</samplecode>
			<supportversion>1.5.4.0</supportversion>
		</method>

		<method name="GetData">
			<type>function</type>
			<parameters>
				<param type="GridRow" optional="false">$row</param>
			</parameters>
			<shortdesc>
				<![CDATA[
					Getting data from template.
				]]>
			</shortdesc>
			<longdesc>
				<![CDATA[
					Getting data from template. The return of the function must be an associate arrays containing new data.
				]]>
			</longdesc>
			<samplecode>
<![CDATA[
<?php				
	...
	class MyEditTemplate implements GridTemplate
	{
		function Render($_row)
		{
			$html  = "<input id='city_input'  name='city_input' type='text' />"; Input for user
			$html .= "<input type='button' value='Confirm' onclick='grid_confirm_edit(this)'/>"; //Render confirm button.
			$html .= "<input type='button' value='Cancel' onclick='grid_cancel_edit(this)'/>"; //Render cancel button.
			return $html;
		}
		function GetData($_row)
		{
			return array("city"=>$_POST["city_input"]);
		}		
	}
	...
	$grid->MasterTable->EditSettings->Mode = "Template";
	$grid->MasterTable->EditSettings->Template = new MyEditTemplate();
	...
?> 
]]>
			</samplecode>
			<supportversion>1.5.4.0</supportversion>
		</method>


	</methods>
	<copyright>KoolPHP Inc</copyright>
</documentation>