<navigation id="KoolTreeView">
	<category id="root">
		<link id="overview" text="Overview" link="index.php" />
		<link id="changelog" text="Changelog" link="Changelog/index.php" />		
		<category id="PHP" text="PHP">
			<link 	id="php_KoolTreeView" 
					text="KoolTreeView"
					link="PHP/KoolTreeView_Class/index.php"/>
			
			<link 	id="php_treenode" 
					text="TreeNode"
					link="PHP/TreeNode_Class/index.php"/>
					
		</category>
		<category id="Javascript" text="Javascript">
			<link 	id="javascript_KoolTreeView" 
					text="KoolTreeView"
					link="Javascript/KoolTreeView_Class/index.php"/>
			
			<link 	id="javascript_treenode" 
					text="TreeNode"
					link="Javascript/TreeNode_Class/index.php"/>
						
		</category>

	</category>
</navigation>
