<navigation id="KoolForm">
	<category id="root">
		<link id="overview" text="Overview" link="index.php" />
		<link id="changelog" text="Changelog" link="Changelog/index.php" />		
		<category id="PHP" text="PHP">
			<link 	id="PHP_KoolForm" 
					text="KoolForm"
					link="PHP/KoolForm/index.php"/>

			<category id="PHP_KoolValidator" text="KoolValidator">
				<link 	id="PHP_KoolRequiredFieldValidator" 
						text="KoolRequiredFieldValidator"
						link="PHP/KoolRequiredFieldValidator/index.php"/>
						
				<link 	id="PHP_KoolRangeValidator" 
						text="KoolRangeValidator"
						link="PHP/KoolRangeValidator/index.php"/>
						
				<link 	id="PHP_KoolRegularExpressionValidator" 
						text="KoolRegularExpressionValidator"
						link="PHP/KoolRegularExpressionValidator/index.php"/>
						
				<link 	id="PHP_KoolCustomValidator" 
						text="KoolCustomValidator"
						link="PHP/KoolCustomValidator/index.php"/>
			</category>

			<category id="PHP_KoolInput" text="KoolInput">
				<link 	id="PHP_KoolTextBox" 
						text="KoolTextBox"
						link="PHP/KoolTextBox/index.php"/>

				<link 	id="PHP_KoolNumericTextBox" 
						text="KoolNumericTextBox"
						link="PHP/KoolNumericTextBox/index.php"/>

				<link 	id="PHP_KoolPasswordTextBox" 
						text="KoolPasswordTextBox"
						link="PHP/KoolPasswordTextBox/index.php"/>

				<link 	id="PHP_KoolMaskedTextBox"
						text="KoolMaskedTextBox"
						link="PHP/KoolMaskedTextBox/index.php"/>

				<link 	id="PHP_KoolDropDownList" 
						text="KoolDropDownList"
						link="PHP/KoolDropDownList/index.php"/>

				<link 	id="PHP_KoolRadioButton" 
						text="KoolRadioButton"
						link="PHP/KoolRadioButton/index.php"/>

				<link 	id="PHP_KoolCheckBox" 
						text="KoolCheckBox"
						link="PHP/KoolCheckBox/index.php"/>
						
			</category>
			<category id="PHP_KoolButton_" text="KoolButton">
				<link 	id="PHP_KoolButton" 
						text="KoolButton"
						link="PHP/KoolButton/index.php"/>
			</category>
			

		</category>
		<category id="Javascript" text="Javascript">
			<link 	id="Javascript_KoolForm" 
					text="KoolForm"
					link="Javascript/KoolForm/index.php"/>

			<category id="Javascript_KoolValidator" text="KoolValidator">
				<link 	id="Javascript_KoolRequiredFieldValidator" 
						text="KoolRequiredFieldValidator"
						link="Javascript/KoolRequiredFieldValidator/index.php"/>
						
				<link 	id="Javascript_KoolRangeValidator" 
						text="KoolRangeValidator"
						link="Javascript/KoolRangeValidator/index.php"/>
						
				<link 	id="Javascript_KoolRegularExpressionValidator" 
						text="KoolRegularExpressionValidator"
						link="Javascript/KoolRegularExpressionValidator/index.php"/>
						
				<link 	id="Javascript_KoolCustomValidator" 
						text="KoolCustomValidator"
						link="Javascript/KoolCustomValidator/index.php"/>
			</category>

			<category id="Javascript_KoolInput" text="KoolInput">
				<link 	id="Javascript_KoolTextBox" 
						text="KoolTextBox"
						link="Javascript/KoolTextBox/index.php"/>

				<link 	id="Javascript_KoolNumericTextBox" 
						text="KoolNumericTextBox"
						link="Javascript/KoolNumericTextBox/index.php"/>

				<link 	id="Javascript_KoolPasswordTextBox" 
						text="KoolPasswordTextBox"
						link="Javascript/KoolPasswordTextBox/index.php"/>

				<link 	id="Javascript_KoolMaskedTextBox"
						text="KoolMaskedTextBox"
						link="Javascript/KoolMaskedTextBox/index.php"/>

				<link 	id="Javascript_KoolDropDownList" 
						text="KoolDropDownList"
						link="Javascript/KoolDropDownList/index.php"/>

				<link 	id="Javascript_KoolRadioButton" 
						text="KoolRadioButton"
						link="Javascript/KoolRadioButton/index.php"/>

				<link 	id="Javascript_KoolCheckBox" 
						text="KoolCheckBox"
						link="Javascript/KoolCheckBox/index.php"/>
						
			</category>
			<category id="Javascript_KoolButton_" text="KoolButton">
				<link 	id="Javascript_KoolButton" 
						text="KoolButton"
						link="Javascript/KoolButton/index.php"/>
			</category>
			

		</category>

	</category>
</navigation>
