<?xml version="1.0" encoding="utf-8"?>
<documentation id="PHP_Localization" lastupdate="08/20/2009">	
	<title>Localization Class [PHP]</title>
	<metakeywords>php grid, php ajax grid, php datagrid, php gridview, ajax grid php</metakeywords>	 
	<metadescription>Documentation of server-side(PHP) Localization class.</metadescription>
	<description>
		<![CDATA[ 

		]]>		
	</description>
	<methods>
		<method name="Load">
			<type>void</type>
			<parameters>
				<param type="string" optional="false">$xml_path</param>
			</parameters>

			<shortdesc>
			   <![CDATA[
					Load localization XML
			   ]]>
			</shortdesc>
			<longdesc>
			   <![CDATA[
					Load localization XML
			   ]]>
			</longdesc>
			<samplecode>
			   <![CDATA[
<?php
	$grid->Localization->Load("/path/to/localization/es.xml");
?>
			   ]]>
			</samplecode>
			<supportversion>1.0.0.0 </supportversion>
		</method> 
		
		
	</methods>

	<copyright>KoolPHP Inc</copyright>
</documentation>