<?xml version="1.0" encoding="utf-8"?>
<documentation id="PHP_KoolCustomValidator" lastupdate="01/01/2009">	
	<title>KoolCustomValidator Class [PHP]</title>
	<metakeywords>PHP FORM, PHP FORM generation, PHP FORM decoration,javascript php form validation,php form validation library,simple php form validation,php form validation class, php ajax form validation, PHP INPUT VALIDATION, PHP FORM VALIDATION, PHP VALIDATOR, skin radio buttons, style radio buttons css, skin checkbox buttons, style select,skin select, style dropdown, skin dropdown</metakeywords>	 
	<metadescription>KoolForm is a great form manager which can help you to unload tasks when deal with form. First, it helps you to style/skin your form so that your form appears consistent in all browsers. KoolForm also provides advanced controls such as textbox, button, dropdown, validator so that you can save huge amount of time for your important matters. KoolForm can be integrated seamlessly into your page without any changes to your existing page's layout.</metadescription>
	<description>
		<![CDATA[ 

		]]>		
	</description>

	<properties>
		<property name="id">
			<type>string</type>
			<shortdesc>
			   <![CDATA[
		Get the id of validator.
			   ]]>
			</shortdesc>
			<longdesc>
			   <![CDATA[
		Get the id of validator.
			   ]]>
			</longdesc>
			<samplecode>
			   <![CDATA[
<?php		
	$validator = $myform_manager->AddControl(new KoolCustomValidator("valiadtor")); 
	echo $validator->id;

?>
			   ]]>
			</samplecode>
			<supportversion>1.0.0.0 </supportversion>
		</property> 

		<property name="ClientValidationFunction">
			<type>string</type>
			<shortdesc>
			   <![CDATA[
		Set the name of client-side validation function.
			   ]]>
			</shortdesc>
			<longdesc>
			   <![CDATA[
		Set the name of client-side validation function. This custom function will be called before the form is submitted.
		 		]]>
			</longdesc>
			<samplecode>
			   <![CDATA[
<?php		
	$validator = $myform_manager->AddControl(new KoolCustomValidator("valiadtor"));
	$validator->ErrorMessage = "This error message will shown when something goes wrong!";
	$validator->ClientValidationFunction = "my_custom_validation_function";
	
?>


<?php echo $validator->Render();?>

<script type="text/javascript">
	function my_custom_validation_function()
	{
		//You do your own checking here.
	
		return false;// return false if anything goes wrong.
	}
</script>


			   ]]>
			</samplecode>
			<supportversion>1.0.0.0 </supportversion>
		</property> 
		
		<property name="ErrorMessage">
			<type>string</type>
			<shortdesc>
			   <![CDATA[
		Set the message that will display when validation is failed.
			   ]]>
			</shortdesc>
			<longdesc>
			   <![CDATA[
		Set the message that will display when validation is failed.
		 		]]>
			</longdesc>
			<samplecode>
			   <![CDATA[
<?php		
	$validator = $myform_manager->AddControl(new KoolCustomValidator("valiadtor"));
	$validator->ErrorMessage = "This error message will shown when something goes wrong!";
	$validator->ClientValidationFunction = "my_custom_validation_function";
	
?>


<?php echo $validator->Render();?>

<script type="text/javascript">
	function my_custom_validation_function()
	{
		//You do your own checking here.
	
		return false;// return false if anything goes wrong.
	}
</script>


			   ]]>
			</samplecode>
			<supportversion>1.0.0.0 </supportversion>
		</property> 		

	</properties>
	
	<methods>

		<method name="Render">
			<type>void</type>			
			<shortdesc>
			   <![CDATA[
		Render the validator
			   ]]>
			</shortdesc>
			<longdesc>
			   <![CDATA[
		Render the validator
			   ]]>
			</longdesc>
			<samplecode>
			   <![CDATA[
<?php		
	$validator = $myform_manager->AddControl(new KoolCustomValidator("valiadtor"));
	$validator->ErrorMessage = "This error message will shown when something goes wrong!";
	$validator->ClientValidationFunction = "my_custom_validation_function";
	
?>


<?php echo $validator->Render();?>

<script type="text/javascript">
	function my_custom_validation_function()
	{
		//You do your own checking here.
	
		return false;// return false if anything goes wrong.
	}
</script>   ]]>
			</samplecode>
			<supportversion>1.0.0.0 </supportversion>
		</method> 

	</methods>	
	<copyright>KoolPHP Inc</copyright>
</documentation>