<?xml version="1.0" encoding="utf-8"?>
<documentation id="PHP_GridPrevNextPager" lastupdate="08/20/2009">	
	<title>GridPrevNextPager Class [PHP]</title>
	<metakeywords>php grid, php ajax grid, php datagrid, php gridview, ajax grid php</metakeywords>	 
	<metadescription>Documentation of server-side(PHP) GridPrevNextPager class.</metadescription>
	<description>
		<![CDATA[ 
<a href='../GridPager/index.php'>GridPager</a>
<br />
&nbsp;|__ GridPrevNextPager
		]]>		
	</description>

	<properties>
		<property name="PrevPageText">
			<type>string</type>
			<shortdesc>
				<![CDATA[
					Get or set the text of previous page button.
				]]>
			</shortdesc>
			<longdesc>
				<![CDATA[
					Get or set the text of previous page button.
				]]>
			</longdesc>
			<samplecode>
<![CDATA[
<?php				
	$grid->MasterTable->Pager = new GridPrevNextPager();
	$grid->MasterTable->Pager->PrevPageText = "Next";
?> 
]]>
			</samplecode>
			<supportversion>1.0.0.0</supportversion>
		</property>


		<property name="PrevPageToolTip">
			<type>string</type>
			<shortdesc>
				<![CDATA[
					Get or set the tooltip of previous page button.
				]]>
			</shortdesc>
			<longdesc>
				<![CDATA[
					Get or set the tooltip of previous page button. The tooltip will show when mouse is over the button.
				]]>
			</longdesc>
			<samplecode>
<![CDATA[
<?php				
	$grid->MasterTable->Pager = new GridPrevNextPager();
	$grid->MasterTable->Pager->PrevPageToolTip = "Next";
?> 
]]>
			</samplecode>
			<supportversion>1.0.0.0</supportversion>
		</property>


		<property name="NextPageText">
			<type>string</type>
			<shortdesc>
				<![CDATA[
					Get or set the text of next page button.
				]]>
			</shortdesc>
			<longdesc>
				<![CDATA[
					Get or set the text of next page button.
				]]>
			</longdesc>
			<samplecode>
<![CDATA[
<?php				
	$grid->MasterTable->Pager = new GridPrevNextPager();
	$grid->MasterTable->Pager->NextPageText = "Next";
?> 
]]>
			</samplecode>
			<supportversion>1.0.0.0</supportversion>
		</property>


		<property name="NextPageToolTip">
			<type>string</type>
			<shortdesc>
				<![CDATA[
					Get or set the tooltip of next page button.
				]]>
			</shortdesc>
			<longdesc>
				<![CDATA[
					Get or set the tooltip of next page button. The tooltip will show when mouse is over the button.
				]]>
			</longdesc>
			<samplecode>
<![CDATA[
<?php				
	$grid->MasterTable->Pager = new GridPrevNextPager();
	$grid->MasterTable->Pager->NextPageToolTip = "Next";
?> 
]]>
			</samplecode>
			<supportversion>1.0.0.0</supportversion>
		</property>


				
	</properties>
	<copyright>KoolPHP Inc</copyright>
</documentation>