<?xml version="1.0" encoding="utf-8"?>
<documentation id="PHP_GridBoundColumn" lastupdate="08/20/2009">	
	<title>GridBoundColumn Class [PHP]</title>
	<metakeywords>php grid, php ajax grid, php datagrid, php gridview, ajax grid php</metakeywords>	 
	<metadescription>Documentation of server-side(PHP) GridBoundColumn class.</metadescription>
	<description>
		<![CDATA[ 
<a href='../GridColumn/index.php'>GridColumn</a>
<br />
&nbsp;|__ GridBoundColumn
		]]>		
	</description>

	<properties>
		<property name="AllowHtmlRender">
			<type>bool</type>
			<shortdesc>
				<![CDATA[
					Get or set whether column will render content as html or as text.
				]]>
			</shortdesc>
			<longdesc>
				<![CDATA[
					Get or set whether column will render content as html or as text.
				]]>
			</longdesc>
			<samplecode>
<![CDATA[
<?php				
...	
	$col = new GridBoundColumn();
	$col->AllowHtmlRender = true;
	$grid->MasterTable->AddColumn($col);
...
?> 
]]>
			</samplecode>
			<supportversion>2.1.0.0</supportversion>
		</property>
		
	</properties>
	<methods>
		<method name="Render">
			<type>string</type>		
			<parameters>
				<param type="GridRow" optional="false">$row</param>
			</parameters>				
			<shortdesc>
			   <![CDATA[
					Render data cell.
			   ]]>
			</shortdesc>
			<longdesc>
			   <![CDATA[
					Render data cell.
			   ]]>
			</longdesc>
			<supportversion>1.0.0.0 </supportversion>
		</method>		
	</methods>
	<copyright>KoolPHP Inc</copyright>
</documentation>