<?xml version="1.0" encoding="utf-8"?>
<documentation id="PHP_RegularExpressionValidator" lastupdate="08/20/2009">	
	<title>RegularExpressionValidator Class [PHP]</title>
	<metakeywords>php grid, php ajax grid, php datagrid, php gridview, ajax grid php</metakeywords>	 
	<metadescription>Documentation of server-side(PHP) RegularExpressionValidator class.</metadescription>
	<description>
		<![CDATA[
<a href='../GridValidator/index.php'>GridValidator</a>
<br />
&nbsp;|__ RegularExpressionValidator		 
		]]>		
	</description>

	<properties>
		<property name="ErrorMessage">
			<type>string</type>
			<shortdesc>
				<![CDATA[
					Get or set the message shown when user input is not valid.
				]]>
			</shortdesc>
			<longdesc>
				<![CDATA[
					Get or set the message shown when user input is not valid.
				]]>
			</longdesc>
			<samplecode>
<![CDATA[
<?php				
	$col = new GridBoundColumn();
	$validator = new RegularExpressionValidator();
	$validator->ValidationExpression = "/^([0-9])+$/"; // Only accept integer.
	$validator->ErrorMessage = "Please enter integer";
	$col->AddValidator($validator);
	$grid->MasterTable->AddColumn($col);
?> 
]]>
			</samplecode>
			<supportversion>1.3.0.0</supportversion>
		</property>					

		<property name="ValidationExpression">
			<type>string</type>
			<shortdesc>
				<![CDATA[
					Get or set the expression of validation.
				]]>
			</shortdesc>
			<longdesc>
				<![CDATA[
					Get or set the expression of validation.
				]]>
			</longdesc>
			<samplecode>
<![CDATA[
<?php				
	$col = new GridBoundColumn();
	
	$validator = new RegularExpressionValidator();
	$validator->ValidationExpression = "/^([0-9])+$/"; // Only accept integer.
	$validator->ErrorMessage = "Please enter integer";
	$col->AddValidator($validator);
	$grid->MasterTable->AddColumn($col);
?> 
]]>
			</samplecode>
			<supportversion>1.3.0.0</supportversion>
		</property>					
	</properties>
	<methods>
	</methods>		
	<copyright>KoolPHP Inc</copyright>
</documentation>