<?xml version="1.0" encoding="utf-8"?>
<documentation id="Javascript_KoolPasswordTextBox" lastupdate="01/01/2009">	
	<title>KoolPasswordTextBox Class [PHP]</title>
	<metakeywords>PHP FORM, PHP FORM generation, PHP FORM decoration,javascript php form validation,php form validation library,simple php form validation,php form validation class, php ajax form validation, PHP INPUT VALIDATION, PHP FORM VALIDATION, PHP VALIDATOR, skin radio buttons, style radio buttons css, skin checkbox buttons, style select,skin select, style dropdown, skin dropdown</metakeywords>	 
	<metadescription>KoolForm is a great form manager which can help you to unload tasks when deal with form. First, it helps you to style/skin your form so that your form appears consistent in all browsers. KoolForm also provides advanced controls such as textbox, button, dropdown, validator so that you can save huge amount of time for your important matters. KoolForm can be integrated seamlessly into your page without any changes to your existing page's layout.</metadescription>
	<description>
		<![CDATA[ 

		]]>		
	</description>

	<properties>
		<property name="id">
			<type>string</type>
			<shortdesc>
			   <![CDATA[
		Get the id of KoolPasswordTextBox.
			   ]]>
			</shortdesc>
			<longdesc>
			   <![CDATA[
		Get the id of KoolPasswordTextBox.
			   ]]>
			</longdesc>
			<samplecode>
			   <![CDATA[
<script type="text/javascript">
    function foo()
    {
		var txtPassword = myform_manager.get_control("txtPassword");
		alert(txtPassword.id);// output "txtPassword"
    }
</script>
			   ]]>
			</samplecode>
			<supportversion>1.0.0.0 </supportversion>
		</property> 



	</properties>
	
	<methods>


		<method name="set_strength_score">
			<type>void</type>
			<parameters>
			   <param type="int" optional="false">_score</param>
			</parameters>
			<shortdesc>
			   <![CDATA[
		Set the strength score for password.
			   ]]>
			</shortdesc>
			<longdesc>
			   <![CDATA[
		Set the strength score for password. The value is from 1 to 5.
			   ]]>
			</longdesc>
			<samplecode>
			   <![CDATA[
<script type="text/javascript">
    function foo()
    {
		var txtPassword = myform_manager.get_control("txtPassword");
		txtPassword.set_strength_score(3);
    }
</script>
			   ]]>
			</samplecode>
			<supportversion>1.0.0.0</supportversion>
		</method>
		
		<method name="set_indicator_text">
			<type>void</type>
			<parameters>
			   <param type="float" optional="false">_text</param>
			</parameters>
			<shortdesc>
			   <![CDATA[
		Set the indicator text.
			   ]]>
			</shortdesc>
			<longdesc>
			   <![CDATA[
		Set the indicator text.
			   ]]>
			</longdesc>
			<samplecode>
			   <![CDATA[
<script type="text/javascript">
    function foo()
    {
		var txtPassword = myform_manager.get_control("txtPassword");
		txtPassword.set_indicator_text("Strong");
    }
</script>
			   ]]>
			</samplecode>
			<supportversion>1.0.0.0</supportversion>
		</method>		


		<method name="get_strength_score">
			<type>int</type>
			<shortdesc>
			   <![CDATA[
		Get the calculated strength.
			   ]]>
			</shortdesc>
			<longdesc>
			   <![CDATA[
		Get the calculated strength.
			   ]]>
			</longdesc>
			<samplecode>
			   <![CDATA[
<script type="text/javascript">
    function foo()
    {
		var txtPassword = myform_manager.get_control("txtPassword");
		alert(txtPassword.get_strength_score());
    }
</script>
			   ]]>
			</samplecode>
			<supportversion>1.0.0.0 </supportversion>
		</method>


		<method name="get_value">
			<type>string</type>
			<shortdesc>
			   <![CDATA[
		Get the input text of password textbox.
			   ]]>
			</shortdesc>
			<longdesc>
			   <![CDATA[
		Get the input text of password textbox.
			   ]]>
			</longdesc>
			<samplecode>
			   <![CDATA[
<script type="text/javascript">
    function foo()
    {
		var txtPassword = myform_manager.get_control("txtPassword");
		alert(txtPassword.get_value());
    }
</script>
			   ]]>
			</samplecode>
			<supportversion>1.0.0.0 </supportversion>
		</method>

	</methods>	
	<copyright>KoolPHP Inc</copyright>
</documentation>