<?xml version="1.0" encoding="utf-8"?>
<documentation id="Javascript_KoolTextBox" lastupdate="01/01/2009">	
	<title>KoolTextBox Class [PHP]</title>
	<metakeywords>PHP FORM, PHP FORM generation, PHP FORM decoration,javascript php form validation,php form validation library,simple php form validation,php form validation class, php ajax form validation, PHP INPUT VALIDATION, PHP FORM VALIDATION, PHP VALIDATOR, skin radio buttons, style radio buttons css, skin checkbox buttons, style select,skin select, style dropdown, skin dropdown</metakeywords>	 
	<metadescription>KoolForm is a great form manager which can help you to unload tasks when deal with form. First, it helps you to style/skin your form so that your form appears consistent in all browsers. KoolForm also provides advanced controls such as textbox, button, dropdown, validator so that you can save huge amount of time for your important matters. KoolForm can be integrated seamlessly into your page without any changes to your existing page's layout.</metadescription>
	<description>
		<![CDATA[ 

		]]>		
	</description>

	<properties>
		<property name="id">
			<type>string</type>
			<shortdesc>
			   <![CDATA[
		Get the id of KoolTextBox.
			   ]]>
			</shortdesc>
			<longdesc>
			   <![CDATA[
		Get the id of KoolTextBox.
			   ]]>
			</longdesc>
			<samplecode>
			   <![CDATA[
<script type="text/javascript">
    function foo()
    {
		var txtName = myform_manager.get_control("txtName");
		alert(txtName.id);// outout "txtName"
    }
</script>
			   ]]>
			</samplecode>
			<supportversion>1.0.0.0 </supportversion>
		</property> 



	</properties>
	
	<methods>


		<method name="set_value">
			<type>void</type>
			<parameters>
			   <param type="string" optional="false">text</param>
			</parameters>
			<shortdesc>
			   <![CDATA[
		Set the value for textbox.
			   ]]>
			</shortdesc>
			<longdesc>
			   <![CDATA[
		Set the value for textbox.
			   ]]>
			</longdesc>
			<samplecode>
			   <![CDATA[
<script type="text/javascript">
    function foo()
    {
		var txtName = myform_manager.get_control("txtName");
		txtName.set_text("John Smith");
    }
</script>
			   ]]>
			</samplecode>
			<supportversion>1.0.0.0</supportversion>
		</method>

		<method name="get_value">
			<type>string</type>
			<shortdesc>
			   <![CDATA[
		Get the input text of textbox.
			   ]]>
			</shortdesc>
			<longdesc>
			   <![CDATA[
		Get the input text of textbox.
			   ]]>
			</longdesc>
			<samplecode>
			   <![CDATA[
<script type="text/javascript">
    function foo()
    {
		var txtName = myform_manager.get_control("txtName");
		alert(txtName.get_text());
    }
</script>
			   ]]>
			</samplecode>
			<supportversion>1.0.0.0 </supportversion>
		</method>

		<method name="get_element">
			<type>[input element]</type>
			<shortdesc>
			   <![CDATA[
		Get the html object of textbox.
			   ]]>
			</shortdesc>
			<longdesc>
			   <![CDATA[
		Get the html object of the textbox.
			   ]]>
			</longdesc>
			<samplecode>
			   <![CDATA[
<script type="text/javascript">
    function foo()
    {
		var txtName = myform_manager.get_control("txtName");
		var _element = txtName.get_element();
    }
</script>
			   ]]>
			</samplecode>
			<supportversion>1.0.0.0 </supportversion>
		</method>

	</methods>	
	<copyright>KoolPHP Inc</copyright>
</documentation>