<?xml version="1.0" encoding="utf-8"?>
<documentation id="javascript_updatepanel_class" lastupdate="01/01/2009">	
	<title>UpdatePanel Class [Javascript]</title>
	<metakeywords>php ajax,php ajax framework,php callback, ajax for php</metakeywords>	 
	<metadescription>KoolAjax is simple and easy-to-use PHP Ajax Framework, facilitating data exchange between server-side and client-side. KoolAjax also provides number of client-side utility functions to ease developing task. Furthermore, with UpdatePanel, a special feature of KoolAjax, developers can create a great ajax application without javascript knowledge.Using KoolAjax, you will be amazed with its power and simplicity.</metadescription>
	<description>
		<![CDATA[ 

		]]>		
	</description>

	<methods>
		<method name="addTrigger">
			<type>function</type>
			<parameters>
			   <param type="string" optional="false"> elementId </param>
			   <param type="string " optional="false">eventName</param>
			</parameters>
			<shortdesc>
			   <![CDATA[
		Add a trigger (causes panel update) to an updatepanel.
			   ]]>
			</shortdesc>
			<longdesc>
			   <![CDATA[
		Add a trigger (causes panel update) to an updatepanel.
			   ]]>
			</longdesc>
			<samplecode>
			   <![CDATA[
function testUpdatePanel() 
{ 
	myPanel.addTrigger("btnLogin","onclick"); 
}
			   ]]>
			</samplecode>
			<supportversion>1.2.0.0 </supportversion>
		</method> 
		<method name="attachData">
			<type>function</type>
			<parameters>
			   <param type="string" optional="false"> key</param>
			   <param type="string " optional="false">value</param>
			</parameters>
			<shortdesc>
			   <![CDATA[
		Attach data to send along with UpdatePanel to server to process.
			   ]]>
			</shortdesc>
			<longdesc>
			   <![CDATA[
		Attach data to send along with UpdatePanel to server to process.
			   ]]>
			</longdesc>
			<samplecode>
			   <![CDATA[
function testUpdatePanel() 
{ 
	myPanel.attachData("action","done");
	//Send attached data to server and update the panel. 
	myPanel.update();
}
		   ]]>
			</samplecode>
			<supportversion>1.3.0.0 </supportversion>
		</method> 
		<method name="registerEvent">
			<type>function</type>
			<parameters>
			   <param type="string" optional="false">eventName</param>
			   <param type="function" optional="false">funcHandle</param>
			</parameters>
			<shortdesc>
			   <![CDATA[
		Register an event.
			   ]]>
			</shortdesc>
			<longdesc>
			   <![CDATA[
		Register an event.  <br/><b>Allowed eventName:</b>  <br/>"OnBeforeSendingRequest" <br/> "OnBeforeUpdatePanel"  <br/> "OnSendingRequest"  <br/> "OnUpdatePanel"
			   ]]>
			</longdesc>
			<samplecode>
			   <![CDATA[
function handleBeforeUpdate(sender,args)
{
	alert(args.Content); 
}
function testUpdatePanel() 
{
	myPanel.registerEvent("OnBeforeUpdatePanel",handleBeforeUpdate); 
}
			   ]]>
			</samplecode>
			<supportversion>1.2.0.0 </supportversion>
		</method> 
		<method name="setContent">
			<type>function</type>
			<parameters>
			   
			</parameters>
			<shortdesc>
			   <![CDATA[
		Set any HTML content to UpdatePanel.
			   ]]>
			</shortdesc>
			<longdesc>
			   <![CDATA[
		Set any HTML content to UpdatePanel.
			   ]]>
			</longdesc>
			<samplecode>
			   <![CDATA[
function testUpdatePanel()
{ 
	myPanel.setContent("New content");
}

			   ]]>
			</samplecode>
			<supportversion>1.2.0.0 </supportversion>
		</method> 
		<method name="update">
			<type>function</type>
			<parameters>
			   <param type="string" optional="true">url</param>
			</parameters>
			<shortdesc>
			   <![CDATA[
		Update the panel.
			   ]]>
			</shortdesc>
			<longdesc>
			   <![CDATA[
		Make callback to server to get new content for Update Panel. The url is optional. If the url is specified, the UpdatePanel will send request to that url.
			   ]]>
			</longdesc>
			<samplecode>
			   <![CDATA[
function testUpdatePanel()
{
	myPanel.update(); 
}
			   ]]>
			</samplecode>
			<supportversion>1.2.0.0 </supportversion>
		</method> 
	</methods>	
	<copyright>KoolPHP Inc</copyright>
</documentation>